{"cameraMode":{"drawMode":0,"name":"Shaded","section":"Shading Mode"},"sceneLighting":true,"audioPlay":false,"sceneViewState":{"m_AlwaysRefresh":false,"showFog":true,"showSkybox":true,"showFlares":true,"showImageEffects":true,"showParticleSystems":true,"showVisualEffectGraphs":true,"m_FxEnabled":true},"in2DMode":false,"pivot":{"x":-0.2811584770679474,"y":11.452010154724121,"z":6.791607856750488},"rotation":{"x":-0.18983644247055055,"y":-0.11336272209882736,"z":0.02220655232667923,"w":-0.9750789403915405},"size":0.7044582962989807,"orthographic":false}